[{
  "libraryDoc": {
    "doc": {
      "documentType": "Android Apps",
      "title": "Snapchat"
    },
    "acquisitionTime": "2017-03-28T11:04:37.150Z"
  }
},
{
  "libraryDoc": {
    "doc": {
      "documentType": "Android Apps",
      "title": "Tinder - Dejting och flörtande"
    },
    "acquisitionTime": "2017-03-28T11:05:11.855Z"
  }
},
{
  "libraryDoc": {
    "doc": {
      "documentType": "Android Apps",
      "title": "com.zentertain.freemusic"
    },
    "acquisitionTime": "2017-03-28T11:07:36.684Z"
  }
},
{
  "libraryDoc": {
    "doc": {
      "documentType": "Android Apps",
      "title": "Messenger"
    },
    "acquisitionTime": "2017-03-28T19:20:33.609Z"
  }
},
{
  "libraryDoc": {
    "doc": {
      "documentType": "Android Apps",
      "title": "Google Play-tjänster"
    },
    "acquisitionTime": "2017-03-28T19:23:07.330Z"
  }
},
{
  "libraryDoc": {
    "doc": {
      "documentType": "Android Apps",
      "title": "Spotify: Musik och poddar"
    },
    "acquisitionTime": "2017-03-28T20:46:03.095Z"
  }
},
{
  "libraryDoc": {
    "doc": {
      "documentType": "Android Apps",
      "title": "com.venustech.playtube"
    },
    "acquisitionTime": "2017-03-28T22:10:53.735Z"
  }
},
{
  "libraryDoc": {
    "doc": {
      "documentType": "Android Apps",
      "title": "Väckarklocka för mig"
    },
    "acquisitionTime": "2017-03-29T01:22:13.221Z"
  }
},
{
  "libraryDoc": {
    "doc": {
      "documentType": "Android Apps",
      "title": "Bitmoji"
    },
    "acquisitionTime": "2017-03-29T21:30:45.383Z"
  }
},
{
  "libraryDoc": {
    "doc": {
      "documentType": "Android Apps",
      "title": "Samsung Push Service"
    },
    "acquisitionTime": "2017-03-29T21:38:58.540Z"
  }
},
{
  "libraryDoc": {
    "doc": {
      "documentType": "Android Apps",
      "title": "Google TV"
    },
    "acquisitionTime": "2017-03-29T21:39:10.243Z"
  }
},
{
  "libraryDoc": {
    "doc": {
      "documentType": "Android Apps",
      "title": "Google Foto"
    },
    "acquisitionTime": "2017-03-29T21:39:45.521Z"
  }
},
{
  "libraryDoc": {
    "doc": {
      "documentType": "Android Apps",
      "title": "YouTube"
    },
    "acquisitionTime": "2017-03-29T21:40:36.015Z"
  }
},
{
  "libraryDoc": {
    "doc": {
      "documentType": "Android Apps",
      "title": "Microsoft OneNote: Save Notes"
    },
    "acquisitionTime": "2017-03-29T21:41:53.360Z"
  }
},
{
  "libraryDoc": {
    "doc": {
      "documentType": "Android Apps",
      "title": "Google Play Musik"
    },
    "acquisitionTime": "2017-03-29T21:43:22.255Z"
  }
},
{
  "libraryDoc": {
    "doc": {
      "documentType": "Android Apps",
      "title": "Google Maps"
    },
    "acquisitionTime": "2017-03-29T21:44:12.020Z"
  }
},
{
  "libraryDoc": {
    "doc": {
      "documentType": "Android Apps",
      "title": "Google"
    },
    "acquisitionTime": "2017-03-29T21:46:09.149Z"
  }
},
{
  "libraryDoc": {
    "doc": {
      "documentType": "Android Apps",
      "title": "Hangouts"
    },
    "acquisitionTime": "2017-03-29T21:48:08.763Z"
  }
},
{
  "libraryDoc": {
    "doc": {
      "documentType": "Android Apps",
      "title": "Google Drive"
    },
    "acquisitionTime": "2017-03-29T21:49:51.295Z"
  }
},
{
  "libraryDoc": {
    "doc": {
      "documentType": "Android Apps",
      "title": "Google Chrome: snabb och säker"
    },
    "acquisitionTime": "2017-03-29T21:51:40.046Z"
  }
},
{
  "libraryDoc": {
    "doc": {
      "documentType": "Android Apps",
      "title": "Gmail"
    },
    "acquisitionTime": "2017-03-29T21:52:31.871Z"
  }
},
{
  "libraryDoc": {
    "doc": {
      "documentType": "Android Apps",
      "title": "Speech Recognition \u0026 Synthesis"
    },
    "acquisitionTime": "2017-03-29T21:53:05.374Z"
  }
},
{
  "libraryDoc": {
    "doc": {
      "documentType": "Android Apps",
      "title": "Android Tillgänglighet"
    },
    "acquisitionTime": "2017-03-29T21:53:30.726Z"
  }
},
{
  "libraryDoc": {
    "doc": {
      "documentType": "Android Apps",
      "title": "WebView i Android-systemet"
    },
    "acquisitionTime": "2017-03-29T21:53:43.746Z"
  }
},
{
  "libraryDoc": {
    "doc": {
      "documentType": "Android Apps",
      "title": "Instagram"
    },
    "acquisitionTime": "2017-03-30T01:50:32.479Z"
  }
},
{
  "libraryDoc": {
    "doc": {
      "documentType": "Android Apps",
      "title": "Netflix"
    },
    "acquisitionTime": "2017-03-30T01:51:17.301Z"
  }
},
{
  "libraryDoc": {
    "doc": {
      "documentType": "Android Apps",
      "title": "Facebook"
    },
    "acquisitionTime": "2017-04-11T22:31:14.500Z"
  }
},
{
  "libraryDoc": {
    "doc": {
      "documentType": "Android Apps",
      "title": "LiveScore: Live Sports Scores"
    },
    "acquisitionTime": "2017-04-12T20:40:40.560Z"
  }
}]