{
  "title": "20170415_053932.jpg",
  "description": "",
  "imageViews": "0",
  "creationTime": {
    "timestamp": "1492235272",
    "formatted": "15 apr. 2017 05:47:52 UTC"
  },
  "photoTakenTime": {
    "timestamp": "1492227572",
    "formatted": "15 apr. 2017 03:39:32 UTC"
  },
  "geoData": {
    "latitude": 0.0,
    "longitude": 0.0,
    "altitude": 0.0,
    "latitudeSpan": 0.0,
    "longitudeSpan": 0.0
  },
  "geoDataExif": {
    "latitude": 0.0,
    "longitude": 0.0,
    "altitude": 0.0,
    "latitudeSpan": 0.0,
    "longitudeSpan": 0.0
  },
  "url": "https://photos.google.com/photo/AF1QipOU4hDyuYWIJLieKpM9EnvmUWxQ2m9F05t_uV8B",
  "googlePhotosOrigin": {
    "mobileUpload": {
      "deviceFolder": {
        "localFolderName": ""
      },
      "deviceType": "ANDROID_PHONE"
    }
  }
}