{
  "title": "20170415_053930.jpg",
  "description": "",
  "imageViews": "0",
  "creationTime": {
    "timestamp": "1492235268",
    "formatted": "15 apr. 2017 05:47:48 UTC"
  },
  "photoTakenTime": {
    "timestamp": "1492227570",
    "formatted": "15 apr. 2017 03:39:30 UTC"
  },
  "geoData": {
    "latitude": 0.0,
    "longitude": 0.0,
    "altitude": 0.0,
    "latitudeSpan": 0.0,
    "longitudeSpan": 0.0
  },
  "geoDataExif": {
    "latitude": 0.0,
    "longitude": 0.0,
    "altitude": 0.0,
    "latitudeSpan": 0.0,
    "longitudeSpan": 0.0
  },
  "url": "https://photos.google.com/photo/AF1QipPVbAfDthm_VWE8XqaOURkHSCUH_jy-zYhqAGMO",
  "googlePhotosOrigin": {
    "mobileUpload": {
      "deviceFolder": {
        "localFolderName": ""
      },
      "deviceType": "ANDROID_PHONE"
    }
  }
}