{
  "title": "20170415_053934.jpg",
  "description": "",
  "imageViews": "0",
  "creationTime": {
    "timestamp": "1492235276",
    "formatted": "15 apr. 2017 05:47:56 UTC"
  },
  "photoTakenTime": {
    "timestamp": "1492227574",
    "formatted": "15 apr. 2017 03:39:34 UTC"
  },
  "geoData": {
    "latitude": 0.0,
    "longitude": 0.0,
    "altitude": 0.0,
    "latitudeSpan": 0.0,
    "longitudeSpan": 0.0
  },
  "geoDataExif": {
    "latitude": 0.0,
    "longitude": 0.0,
    "altitude": 0.0,
    "latitudeSpan": 0.0,
    "longitudeSpan": 0.0
  },
  "url": "https://photos.google.com/photo/AF1QipMflcWBpaeqiuku-kSo6A25jTL09lMlR8yMxVKK",
  "googlePhotosOrigin": {
    "mobileUpload": {
      "deviceFolder": {
        "localFolderName": ""
      },
      "deviceType": "ANDROID_PHONE"
    }
  }
}