{
  "title": "bitmoji947977885.png",
  "description": "",
  "imageViews": "1",
  "creationTime": {
    "timestamp": "1490908187",
    "formatted": "30 mars 2017 21:09:47 UTC"
  },
  "photoTakenTime": {
    "timestamp": "1490908178",
    "formatted": "30 mars 2017 21:09:38 UTC"
  },
  "geoData": {
    "latitude": 0.0,
    "longitude": 0.0,
    "altitude": 0.0,
    "latitudeSpan": 0.0,
    "longitudeSpan": 0.0
  },
  "geoDataExif": {
    "latitude": 0.0,
    "longitude": 0.0,
    "altitude": 0.0,
    "latitudeSpan": 0.0,
    "longitudeSpan": 0.0
  },
  "url": "https://photos.google.com/photo/AF1QipMGU6NXBU9uPX1FcHPFU5OqqC6saUtCD3oqyyQ_",
  "googlePhotosOrigin": {
    "mobileUpload": {
      "deviceType": "ANDROID_PHONE"
    }
  }
}