{
  "title": "Screenshot_2017-04-06-02-15-57-1.png",
  "description": "",
  "imageViews": "0",
  "creationTime": {
    "timestamp": "1492235250",
    "formatted": "15 apr. 2017 05:47:30 UTC"
  },
  "photoTakenTime": {
    "timestamp": "1491437758",
    "formatted": "6 apr. 2017 00:15:58 UTC"
  },
  "geoData": {
    "latitude": 0.0,
    "longitude": 0.0,
    "altitude": 0.0,
    "latitudeSpan": 0.0,
    "longitudeSpan": 0.0
  },
  "geoDataExif": {
    "latitude": 0.0,
    "longitude": 0.0,
    "altitude": 0.0,
    "latitudeSpan": 0.0,
    "longitudeSpan": 0.0
  },
  "url": "https://photos.google.com/photo/AF1QipNBFqDl5DfdH8WHPXswHYvj5gPwG3eDNm43HKUU",
  "googlePhotosOrigin": {
    "mobileUpload": {
      "deviceFolder": {
        "localFolderName": ""
      },
      "deviceType": "ANDROID_PHONE"
    }
  }
}