{
  "title": "Screenshot_2017-04-13-05-00-09-1-1.png",
  "description": "",
  "imageViews": "0",
  "creationTime": {
    "timestamp": "1492235263",
    "formatted": "15 apr. 2017 05:47:43 UTC"
  },
  "photoTakenTime": {
    "timestamp": "1492052411",
    "formatted": "13 apr. 2017 03:00:11 UTC"
  },
  "geoData": {
    "latitude": 0.0,
    "longitude": 0.0,
    "altitude": 0.0,
    "latitudeSpan": 0.0,
    "longitudeSpan": 0.0
  },
  "geoDataExif": {
    "latitude": 0.0,
    "longitude": 0.0,
    "altitude": 0.0,
    "latitudeSpan": 0.0,
    "longitudeSpan": 0.0
  },
  "url": "https://photos.google.com/photo/AF1QipM_B1B4opdfG4RbSaP10rWNi63uCvVMjj6inoZi",
  "googlePhotosOrigin": {
    "mobileUpload": {
      "deviceFolder": {
        "localFolderName": ""
      },
      "deviceType": "ANDROID_PHONE"
    }
  }
}