{
  "title": "Screenshot_2017-04-06-02-24-38-1.png",
  "description": "",
  "imageViews": "0",
  "creationTime": {
    "timestamp": "1492235248",
    "formatted": "15 apr. 2017 05:47:28 UTC"
  },
  "photoTakenTime": {
    "timestamp": "1491438281",
    "formatted": "6 apr. 2017 00:24:41 UTC"
  },
  "geoData": {
    "latitude": 0.0,
    "longitude": 0.0,
    "altitude": 0.0,
    "latitudeSpan": 0.0,
    "longitudeSpan": 0.0
  },
  "geoDataExif": {
    "latitude": 0.0,
    "longitude": 0.0,
    "altitude": 0.0,
    "latitudeSpan": 0.0,
    "longitudeSpan": 0.0
  },
  "url": "https://photos.google.com/photo/AF1QipMKVEVRb1uJffWrxdKDR8Q1dqWiV_-WRSdP6BNB",
  "googlePhotosOrigin": {
    "mobileUpload": {
      "deviceFolder": {
        "localFolderName": ""
      },
      "deviceType": "ANDROID_PHONE"
    }
  }
}