{
  "title": "Screenshot_2017-04-12-04-04-01.png",
  "description": "",
  "imageViews": "0",
  "creationTime": {
    "timestamp": "1492235261",
    "formatted": "15 apr. 2017 05:47:41 UTC"
  },
  "photoTakenTime": {
    "timestamp": "1491962643",
    "formatted": "12 apr. 2017 02:04:03 UTC"
  },
  "geoData": {
    "latitude": 0.0,
    "longitude": 0.0,
    "altitude": 0.0,
    "latitudeSpan": 0.0,
    "longitudeSpan": 0.0
  },
  "geoDataExif": {
    "latitude": 0.0,
    "longitude": 0.0,
    "altitude": 0.0,
    "latitudeSpan": 0.0,
    "longitudeSpan": 0.0
  },
  "url": "https://photos.google.com/photo/AF1QipNryTGSLnwyCvHZ9022x1xMxohEdvudPvK9Na2a",
  "googlePhotosOrigin": {
    "mobileUpload": {
      "deviceFolder": {
        "localFolderName": ""
      },
      "deviceType": "ANDROID_PHONE"
    }
  }
}