{
  "title": "Screenshot_2017-04-12-03-59-20.png",
  "description": "",
  "imageViews": "0",
  "creationTime": {
    "timestamp": "1492235256",
    "formatted": "15 apr. 2017 05:47:36 UTC"
  },
  "photoTakenTime": {
    "timestamp": "1491962362",
    "formatted": "12 apr. 2017 01:59:22 UTC"
  },
  "geoData": {
    "latitude": 0.0,
    "longitude": 0.0,
    "altitude": 0.0,
    "latitudeSpan": 0.0,
    "longitudeSpan": 0.0
  },
  "geoDataExif": {
    "latitude": 0.0,
    "longitude": 0.0,
    "altitude": 0.0,
    "latitudeSpan": 0.0,
    "longitudeSpan": 0.0
  },
  "url": "https://photos.google.com/photo/AF1QipNjSescA34naFxP-eaeKlpxkhsbrS3wvbhzs7x9",
  "googlePhotosOrigin": {
    "mobileUpload": {
      "deviceFolder": {
        "localFolderName": ""
      },
      "deviceType": "ANDROID_PHONE"
    }
  }
}