{
  "title": "Screenshot_2017-04-12-03-59-02.png",
  "description": "",
  "imageViews": "0",
  "creationTime": {
    "timestamp": "1492235253",
    "formatted": "15 apr. 2017 05:47:33 UTC"
  },
  "photoTakenTime": {
    "timestamp": "1491962343",
    "formatted": "12 apr. 2017 01:59:03 UTC"
  },
  "geoData": {
    "latitude": 0.0,
    "longitude": 0.0,
    "altitude": 0.0,
    "latitudeSpan": 0.0,
    "longitudeSpan": 0.0
  },
  "geoDataExif": {
    "latitude": 0.0,
    "longitude": 0.0,
    "altitude": 0.0,
    "latitudeSpan": 0.0,
    "longitudeSpan": 0.0
  },
  "url": "https://photos.google.com/photo/AF1QipO-l14xaYniqsdmFFQl9uy4nl72-237gfyGuLrK",
  "googlePhotosOrigin": {
    "mobileUpload": {
      "deviceFolder": {
        "localFolderName": ""
      },
      "deviceType": "ANDROID_PHONE"
    }
  }
}