Kanal-id,Kanalens webbadress,Kanaltitel
UC3gNmTGu-TTbFPpfSs5kNkg,http://www.youtube.com/channel/UC3gNmTGu-TTbFPpfSs5kNkg,Movieclips
UC3kfx81WYXgNBf1bNIcO5Fg,http://www.youtube.com/channel/UC3kfx81WYXgNBf1bNIcO5Fg,WAYOFLIFESQ
UC4g_Q12d08IgWaaOzfOQNpg,http://www.youtube.com/channel/UC4g_Q12d08IgWaaOzfOQNpg,Jacob Banks
UC4sqXCVx2sb6V08ugdw2IGA,http://www.youtube.com/channel/UC4sqXCVx2sb6V08ugdw2IGA,G Shorts
UC8FHFLWe9KkG0eoxPMIgcpg,http://www.youtube.com/channel/UC8FHFLWe9KkG0eoxPMIgcpg,Fredo Bang
UCAkIMkEaa9sZmjcy7mfd5lQ,http://www.youtube.com/channel/UCAkIMkEaa9sZmjcy7mfd5lQ,Gunna
UCByOQJjav0CUDwxCk-jVNRQ,http://www.youtube.com/channel/UCByOQJjav0CUDwxCk-jVNRQ,Drake
UCC4Q00unIzCST5EBCIKFZrA,http://www.youtube.com/channel/UCC4Q00unIzCST5EBCIKFZrA,Ace Hood
UCCd6uZV7GpbeN2uHkCtt9hA,http://www.youtube.com/channel/UCCd6uZV7GpbeN2uHkCtt9hA,Digga D TV
UCDGNMGir6hBTpKgmuqoyLMw,http://www.youtube.com/channel/UCDGNMGir6hBTpKgmuqoyLMw,Hafiz Naveed Ul Hassan
UCEzDdNqNkT-7rSfSGSr1hWg,http://www.youtube.com/channel/UCEzDdNqNkT-7rSfSGSr1hWg,Burna Boy
UCKCAhX-qm55Js-UQ64B5XrA,http://www.youtube.com/channel/UCKCAhX-qm55Js-UQ64B5XrA,Cryo
UCNAf1k0yIjyGu3k9BwAg3lg,http://www.youtube.com/channel/UCNAf1k0yIjyGu3k9BwAg3lg,Sky Sports Premier League
UCO76MgSzw4jQIhv5rZ9OWTg,http://www.youtube.com/channel/UCO76MgSzw4jQIhv5rZ9OWTg,SPOTEM GOTTEM
UCUT2-bZCK-j-WgYoAEmDDzQ,http://www.youtube.com/channel/UCUT2-bZCK-j-WgYoAEmDDzQ,All Facts 
UCY_oaa-wSheOa5dP7BPsx8A,http://www.youtube.com/channel/UCY_oaa-wSheOa5dP7BPsx8A,Smiley Hundo
UCZ7fLy9XPl_7lpnh8e94wDQ,http://www.youtube.com/channel/UCZ7fLy9XPl_7lpnh8e94wDQ,Lectures From Mohamed Hoblos
UCZvFxiQPdOSVvmg3o5w1LKA,http://www.youtube.com/channel/UCZvFxiQPdOSVvmg3o5w1LKA,SubRico
UC_ANPr8IkWibKlKhmi_-H1g,http://www.youtube.com/channel/UC_ANPr8IkWibKlKhmi_-H1g,haramaininfo
UCasUfgnstm_EXpRJ28kFWZA,http://www.youtube.com/channel/UCasUfgnstm_EXpRJ28kFWZA,BAG$ AND BODIES
UCf2su0Eljvo9Uya9Ha1bhsA,http://www.youtube.com/channel/UCf2su0Eljvo9Uya9Ha1bhsA,Pa Salieu
UCfM3zsQsOnfWNUppiycmBuw,http://www.youtube.com/channel/UCfM3zsQsOnfWNUppiycmBuw,EminemMusic
UCgTFNwLwRTPjmP7qpuCbTHQ,http://www.youtube.com/channel/UCgTFNwLwRTPjmP7qpuCbTHQ,Tripl3 M
UClW4jraMKz6Qj69lJf-tODA,http://www.youtube.com/channel/UClW4jraMKz6Qj69lJf-tODA,YoungBoy Never Broke Again
UCmCyUeQ9ktgDy9uU61Mvy2Q,http://www.youtube.com/channel/UCmCyUeQ9ktgDy9uU61Mvy2Q,GOATEDSWE
UCn3jIZe_5xsAgo5FlvyYCXw,http://www.youtube.com/channel/UCn3jIZe_5xsAgo5FlvyYCXw,Hayu
UCtBQ5WGCzbanmIH1LUxlWvw,http://www.youtube.com/channel/UCtBQ5WGCzbanmIH1LUxlWvw,Theoxa
UCvUe-ZxxTqVpkfKeriEpehA,http://www.youtube.com/channel/UCvUe-ZxxTqVpkfKeriEpehA,Muslim Belal
UCvv7gvo7ZtNd0FTUGNdKs1w,http://www.youtube.com/channel/UCvv7gvo7ZtNd0FTUGNdKs1w,Omar Hisham Al Arabi
UCxgn78SKHctkkK3QqThMgEw,http://www.youtube.com/channel/UCxgn78SKHctkkK3QqThMgEw,Bigg Jah





