{
    "Autofill Profile": [
        {
            "Encrypted": "Your data is encrypted and cannot be exported."
        }
    ],
    "Contact Info": [],
    "Autofill": [
        {
            "Encrypted": "Your data is encrypted and cannot be exported."
        },
        {
            "Encrypted": "Your data is encrypted and cannot be exported."
        },
        {
            "Encrypted": "Your data is encrypted and cannot be exported."
        },
        {
            "Encrypted": "Your data is encrypted and cannot be exported."
        },
        {
            "Encrypted": "Your data is encrypted and cannot be exported."
        },
        {
            "Encrypted": "Your data is encrypted and cannot be exported."
        },
        {
            "Encrypted": "Your data is encrypted and cannot be exported."
        }
    ]
}