{
    "Device Info": [
        {
            "sync_user_agent": "Chrome IOS-PHONE 117.0.5938.117 (f85dde12e5887741fa7b512bbf170d88884cec42-refs/branch-heads/5938@{#1401}) channel(stable)",
            "device_type": "TYPE_PHONE",
            "chrome_version_info": {"version_number": "117.0.5938.117"},
            "signin_scoped_device_id": "57d05c8c-c7f6-4d27-9d9e-25efd1be612b",
            "manufacturer": "Apple Inc.",
            "cache_guid": "TEMdvbCs3BUZHYnItr6cGA==",
            "device_form_factor": "DEVICE_FORM_FACTOR_PHONE",
            "pulse_interval_in_minutes": 1440,
            "feature_fields": {"send_tab_to_self_receiving_enabled": true},
            "invalidation_fields": {
                        "instance_id_token": "c7hLSW8Fvnc:APA91bE6gX7_6aS-BgGf3mlHLVR5YlQTBoTEI19mA2K1bq5e-9Eg5x0o9WjdXYKL6r9epg1vTdPmfiJONU4y96gRFwmmTn_wSmkCWiYxsMmvm-A0IHx4ziEiEd62BCyqcXllBfMlvCJy",
                        "interested_data_type_ids": [
                                    32904,
                                    37702,
                                    45873,
                                    63951,
                                    31729,
                                    306270,
                                    330441,
                                    774329,
                                    40781,
                                    50119,
                                    150251,
                                    154522,
                                    163425,
                                    186662,
                                    411028,
                                    601980,
                                    963985,
                                    1034378,
                                    47745
                        ]
            },
            "os_type": "OS_TYPE_IOS",
            "last_updated_timestamp": 1697301398907,
            "model": "iPhone8,1",
            "client_name": "iPhone",
            "chrome_version": "117.0.5938.117"
}
    ]
}