{
    "Apps": [
        {
            "app_launch_ordinal": "t",
            "extension": {
                        "incognito_enabled": true,
                        "remote_install": false,
                        "disable_reasons": 0,
                        "installed_by_custodian": false,
                        "update_url": "",
                        "name": "Web Store",
                        "id": "ahfgeienlihckogmohjhadlkjgocpleb",
                        "version": "0.2",
                        "enabled": true
            },
            "page_ordinal": "n"
}
    ],
    "App Settings": [],
    "Preferences": [
        {
            "Encrypted": "Your data is encrypted and cannot be exported."
        },
        {
            "Encrypted": "Your data is encrypted and cannot be exported."
        },
        {
            "Encrypted": "Your data is encrypted and cannot be exported."
        },
        {
            "Encrypted": "Your data is encrypted and cannot be exported."
        },
        {
            "Encrypted": "Your data is encrypted and cannot be exported."
        },
        {
            "Encrypted": "Your data is encrypted and cannot be exported."
        },
        {
            "Encrypted": "Your data is encrypted and cannot be exported."
        },
        {
            "Encrypted": "Your data is encrypted and cannot be exported."
        },
        {
            "Encrypted": "Your data is encrypted and cannot be exported."
        },
        {
            "Encrypted": "Your data is encrypted and cannot be exported."
        },
        {
            "Encrypted": "Your data is encrypted and cannot be exported."
        },
        {
            "Encrypted": "Your data is encrypted and cannot be exported."
        },
        {
            "Encrypted": "Your data is encrypted and cannot be exported."
        },
        {
            "Encrypted": "Your data is encrypted and cannot be exported."
        },
        {
            "Encrypted": "Your data is encrypted and cannot be exported."
        },
        {
            "Encrypted": "Your data is encrypted and cannot be exported."
        },
        {
            "Encrypted": "Your data is encrypted and cannot be exported."
        },
        {
            "Encrypted": "Your data is encrypted and cannot be exported."
        },
        {
            "Encrypted": "Your data is encrypted and cannot be exported."
        },
        {
            "Encrypted": "Your data is encrypted and cannot be exported."
        },
        {
            "Encrypted": "Your data is encrypted and cannot be exported."
        },
        {
            "Encrypted": "Your data is encrypted and cannot be exported."
        },
        {
            "Encrypted": "Your data is encrypted and cannot be exported."
        },
        {
            "Encrypted": "Your data is encrypted and cannot be exported."
        },
        {
            "Encrypted": "Your data is encrypted and cannot be exported."
        },
        {
            "Encrypted": "Your data is encrypted and cannot be exported."
        },
        {
            "Encrypted": "Your data is encrypted and cannot be exported."
        },
        {
            "Encrypted": "Your data is encrypted and cannot be exported."
        }
    ],
    "Priority Preferences": [
        {"preference": {
            "name": "profile.credentials_last_password_checkup_time",
            "value": "\"13340630257657948\""
}},
        {"preference": {
            "name": "credentials_last_password_checkup_time",
            "value": "2023-10-01T11:02:16.453311Z"
}},
        {"preference": {
            "name": "credentials_password_manager_warm_welcome_last_seen",
            "value": "2023-09-30T23:14:22.277883Z"
}},
        {"preference": {
            "name": "credentials_enable_sync",
            "value": "true"
}},
        {"preference": {
            "name": "autofill_profile_validity",
            "value": "\"ClIKJGY1MmYyNmZlLTJmZjItNDk0OC1iMThiLWYyZjAzZDk5MDk1MBIqCgQICRACCgQIHhACCgQIDhACCgQIIRACCgQIIxACCgQIAxACCgQIBRAC\""
}},
        {"preference": {
            "name": "sync.demographics",
            "value": "{\"gender\":1,\"birth_year\":1993}"
}}
    ],
    "Themes": [
        {
            "use_system_theme_by_default": false,
            "use_custom_theme": false
}
    ],
    "App Lists": [],
    "Web Apps": [],
    "Search Engines": [
        {
            "suggestions_url": "",
            "favicon_url": "",
            "safe_for_autoreplace": true,
            "date_created": 13157544570000000,
            "url": "https://drive.google.com/drive/search?q={searchTerms}",
            "new_tab_url": "",
            "originating_url": "https://drive.google.com/opensearch.xml",
            "sync_guid": "8da27fa8-4af4-4a16-a897-63fe54d51bf7",
            "short_name": "Google Drive",
            "keyword": "drive.google.com",
            "input_encodings": "UTF-8",
            "prepopulate_id": 0,
            "last_modified": 13157544570000000
},
        {
            "suggestions_url": "",
            "favicon_url": "https://se.search.yahoo.com/favicon.ico",
            "safe_for_autoreplace": true,
            "date_created": 0,
            "url": "https://se.search.yahoo.com/search?ei={inputEncoding}&fr=crmas&p={searchTerms}",
            "new_tab_url": "",
            "originating_url": "",
            "sync_guid": "c3182927-e8b0-4eba-a214-f9347b2b65be",
            "short_name": "Yahoo! Sverige",
            "keyword": "se.yahoo.com",
            "input_encodings": "UTF-8",
            "prepopulate_id": 2,
            "last_modified": 0
},
        {
            "suggestions_url": "https://www.facebook.com/search/opensearch/suggestions/?q={searchTerms}",
            "favicon_url": "https://www.facebook.com/favicon.ico",
            "safe_for_autoreplace": true,
            "date_created": 13157549784000000,
            "url": "https://www.facebook.com/search/top/?q={searchTerms}&opensearch=1",
            "new_tab_url": "",
            "originating_url": "https://www.facebook.com/osd.xml",
            "sync_guid": "6b8fabe6-6a4d-4c85-8b39-8fe7fedd93f6",
            "short_name": "Facebook",
            "keyword": "facebook.com",
            "input_encodings": "UTF-8",
            "prepopulate_id": 0,
            "last_modified": 13157549784000000
},
        {
            "suggestions_url": "",
            "favicon_url": "https://www.google.se/favicon.ico",
            "safe_for_autoreplace": true,
            "date_created": 13158230528476636,
            "url": "https://www.google.se/search?safe=strict&source=hp&ei=Byc6Wt69C-rp6ATk7rWIBQ&btnG=S%C3%B6k&q={searchTerms}&oq=arbet&gs_l=psy-ab.1.1.0i131k1j0l2j0i131k1l2j0l5.2768.5897.0.8508.5.3.0.2.2.0.97.222.3.3.0....0...1c.1.64.psy-ab..0.5.241....0.3eU-6rf_YKI",
            "new_tab_url": "",
            "originating_url": "",
            "sync_guid": "d146ef42-5d6e-44ad-ac81-1327030f35d2",
            "short_name": "google.se",
            "keyword": "google.se",
            "input_encodings": "UTF-8",
            "prepopulate_id": 0,
            "last_modified": 13158230528476636
},
        {
            "suggestions_url": "{google:baseSuggestURL}search?{google:searchFieldtrialParameter}client={google:suggestClient}&gs_ri={google:suggestRid}&xssi=t&q={searchTerms}&{google:inputType}{google:cursorPosition}{google:currentPageUrl}{google:pageClassification}{google:searchVersion}{google:sessionToken}{google:prefetchQuery}sugkey={google:suggestAPIKeyParameter}",
            "image_url_post_params": "encoded_image={google:imageThumbnail},image_url={google:imageURL},sbisrc={google:imageSearchSource},original_width={google:imageOriginalWidth},original_height={google:imageOriginalHeight}",
            "favicon_url": "https://www.google.com/favicon.ico",
            "safe_for_autoreplace": true,
            "date_created": 0,
            "image_url": "{google:baseURL}searchbyimage/upload",
            "url": "{google:baseURL}search?q={searchTerms}&{google:RLZ}{google:originalQueryForSuggestion}{google:assistedQueryStats}{google:searchFieldtrialParameter}{google:iOSSearchLanguage}{google:searchClient}{google:sourceId}{google:contextualSearchVersion}ie={inputEncoding}",
            "new_tab_url": "{google:baseURL}_/chrome/newtab?{google:RLZ}ie={inputEncoding}",
            "originating_url": "",
            "sync_guid": "044b3b19-d16d-4a28-8096-10b60b72305a",
            "short_name": "Google",
            "keyword": "google.com",
            "input_encodings": "UTF-8",
            "alternate_urls": [
                        "{google:baseURL}#q={searchTerms}",
                        "{google:baseURL}search#q={searchTerms}",
                        "{google:baseURL}webhp#q={searchTerms}",
                        "{google:baseURL}s#q={searchTerms}",
                        "{google:baseURL}s?q={searchTerms}"
            ],
            "prepopulate_id": 1,
            "last_modified": 0
},
        {
            "suggestions_url": "https://www.bing.com/osjson.aspx?query={searchTerms}&language={language}&PC=U316",
            "image_url_post_params": "imgurl={google:imageURL}",
            "favicon_url": "https://www.bing.com/s/a/bing_p.ico",
            "safe_for_autoreplace": true,
            "date_created": 0,
            "image_url": "https://www.bing.com/images/detail/search?iss=sbi&FORM=CHROMI#enterInsights",
            "url": "https://www.bing.com/search?q={searchTerms}&PC=U316&FORM=CHROMN",
            "new_tab_url": "https://www.bing.com/chrome/newtab",
            "originating_url": "",
            "sync_guid": "b688d062-c74b-4ec3-910b-9d1f62751070",
            "short_name": "Bing",
            "keyword": "bing.com",
            "input_encodings": "UTF-8",
            "prepopulate_id": 3,
            "last_modified": 0
},
        {
            "suggestions_url": "https://www.facebook.com/search/opensearch/suggestions/?q={searchTerms}",
            "favicon_url": "https://www.facebook.com/favicon.ico",
            "safe_for_autoreplace": true,
            "date_created": 13158075981237074,
            "url": "https://www.facebook.com/search/top/?q={searchTerms}&opensearch=1",
            "new_tab_url": "",
            "originating_url": "https://www.facebook.com/osd.xml",
            "sync_guid": "fdebcf57-a16a-4ee5-823c-0270c5ebdad5",
            "short_name": "Facebook",
            "keyword": "sv-se.facebook.com",
            "input_encodings": "UTF-8",
            "prepopulate_id": 0,
            "last_modified": 13158075981237074
},
        {
            "suggestions_url": "",
            "favicon_url": "https://www.manpower.se/favicon.ico",
            "safe_for_autoreplace": true,
            "date_created": 13157727491000000,
            "url": "https://www.manpower.se/swe/lediga-jobb/?search={searchTerms}&sortorder=rel",
            "new_tab_url": "",
            "originating_url": "",
            "sync_guid": "6439ec04-7591-432a-b6ce-7abb55814042",
            "short_name": "manpower.se",
            "keyword": "manpower.se",
            "input_encodings": "UTF-8",
            "prepopulate_id": 0,
            "last_modified": 13157727491000000
},
        {
            "suggestions_url": "",
            "favicon_url": "https://www.youtube.com/favicon.ico",
            "safe_for_autoreplace": true,
            "date_created": 13157465939000000,
            "url": "https://www.youtube.com/results?search_query={searchTerms}&page={startPage?}&utm_source=opensearch",
            "new_tab_url": "",
            "originating_url": "https://www.youtube.com/opensearch?locale=sv_SE",
            "sync_guid": "612309da-aa9e-44d7-90b0-9c4b260522d5",
            "short_name": "YouTubes videosökning",
            "keyword": "youtube.com",
            "input_encodings": "",
            "prepopulate_id": 0,
            "last_modified": 13157465939000000
}
    ]
}