{
    "Extensions": [
        {
            "incognito_enabled": false,
            "remote_install": false,
            "disable_reasons": 0,
            "installed_by_custodian": false,
            "update_url": "https://clients2.google.com/service/update2/crx",
            "name": "Adblock Plus",
            "id": "cfhdojbkjhnklbpkdaibdccddilifddb",
            "version": "1.13.4",
            "enabled": true
},
        {
            "remote_install": true,
            "disable_reasons": 2048,
            "update_url": "https://clients2.google.com/service/update2/crx",
            "name": "eaeecbmeajhliilmacefcgjnnijkkfki",
            "id": "eaeecbmeajhliilmacefcgjnnijkkfki",
            "version": "0",
            "enabled": false
},
        {
            "remote_install": true,
            "disable_reasons": 2048,
            "update_url": "https://clients2.google.com/service/update2/crx",
            "name": "kkpllkodjeloidieedojogacfhpaihoh",
            "id": "kkpllkodjeloidieedojogacfhpaihoh",
            "version": "0",
            "enabled": false
},
        {
            "remote_install": true,
            "disable_reasons": 2048,
            "update_url": "https://clients2.google.com/service/update2/crx",
            "name": "egjidjbpglichdcondbcbdnbeeppgdph",
            "id": "egjidjbpglichdcondbcbdnbeeppgdph",
            "version": "0",
            "enabled": false
},
        {
            "remote_install": true,
            "disable_reasons": 2048,
            "update_url": "https://clients2.google.com/service/update2/crx",
            "name": "aholpfdialjgjfhomihkjbmgjidlcdno",
            "id": "aholpfdialjgjfhomihkjbmgjidlcdno",
            "version": "0",
            "enabled": false
}
    ],
    "Extension Settings": []
}